pdf_url,question
/uploads/project_pdf/1.pdf,Annotate this file
/uploads/project_pdf/cv (1).pdf,Annotate this file
/uploads/project_pdf/CV_Le-Thanh-Tuan_20164350.pdf,Annotate this file
/uploads/project_pdf/Nguyen_Hoang_Thuyen_20163968 (2).pdf,Annotate this file
/uploads/project_pdf/nguyen_tu__toan_loi.pdf,Annotate this file
/uploads/project_pdf/Nguyen-Tu-Toan-Loi-TopCV.vn-280519.134422.pdf,Annotate this file
/uploads/project_pdf/Template 1.pdf,Annotate this file
/uploads/project_pdf/Template 2.pdf,Annotate this file
/uploads/project_pdf/Template 3.pdf,Annotate this file
/uploads/project_pdf/Template 4.pdf,Annotate this file
/uploads/project_pdf/Template 5.pdf,Annotate this file
/uploads/project_pdf/Template 6.pdf,Annotate this file
/uploads/project_pdf/Template 7.pdf,Annotate this file
/uploads/project_pdf/Template 8.pdf,Annotate this file
/uploads/project_pdf/Template 9.pdf,Annotate this file
/uploads/project_pdf/Template 10.pdf,Annotate this file
